date,close,open,high,low,volume,type,description
01.07.2025,"104,1638","101,8725","104,1655","101,8061",,indices,bloomberg-commodity
01.06.2025,"102,0209","100,8381","107,6977","100,7669",,indices,bloomberg-commodity
01.05.2025,"99,9870","100,5460","103,4203","99,7886",,indices,bloomberg-commodity
01.04.2025,"100,9267","106,5811","107,1290","96,1330",,indices,bloomberg-commodity
01.03.2025,"106,4009","103,2001","106,6230","102,7485",,indices,bloomberg-commodity
01.02.2025,"102,7507","102,6557","108,2107","102,6215",,indices,bloomberg-commodity
01.01.2025,"102,2923","99,0764","104,3925","98,4511","0,02K",indices,bloomberg-commodity
01.12.2024,"98,7611","97,3610","99,9572","96,2370","0,02K",indices,bloomberg-commodity
01.11.2024,"98,1416","98,7031","99,6834","95,5248","0,01K",indices,bloomberg-commodity
01.10.2024,"98,0956","100,2085","102,9765","97,8519",,indices,bloomberg-commodity
01.09.2024,"100,3406","95,9082","100,7121","93,1697",,indices,bloomberg-commodity
01.08.2024,"96,0873","96,9255","97,5028","92,4150",,indices,bloomberg-commodity
01.07.2024,"96,4493","101,0270","102,9094","94,7073",,indices,bloomberg-commodity
01.06.2024,"100,9915","103,6545","103,9545","100,8321",,indices,bloomberg-commodity
01.05.2024,"102,9915","101,1522","107,5433","100,2711",,indices,bloomberg-commodity
01.04.2024,"101,6744","99,8593","104,3430","99,4686",,indices,bloomberg-commodity
01.03.2024,"99,4894","96,6944","100,3455","96,4434",,indices,bloomberg-commodity
01.02.2024,"96,6989","98,7131","98,7572","95,1738",,indices,bloomberg-commodity
01.01.2024,"98,5602","99,2276","99,6602","96,0659",,indices,bloomberg-commodity
01.12.2023,"98,6460","101,6678","102,3895","95,9231",,indices,bloomberg-commodity
01.11.2023,"101,8067","104,5126","105,9060","100,8070",,indices,bloomberg-commodity
01.10.2023,"104,6162","104,7031","106,7086","100,9291",,indices,bloomberg-commodity
01.09.2023,"104,8391","106,4307","108,2163","104,7907",,indices,bloomberg-commodity
01.08.2023,"106,0289","107,3814","107,4163","103,2620",,indices,bloomberg-commodity
01.07.2023,"107,3396","101,4910","108,3166","100,8034",,indices,bloomberg-commodity
01.06.2023,"101,4785","98,3465","105,1536","98,2207",,indices,bloomberg-commodity
01.05.2023,"97,9647","103,8325","104,3389","97,0062",,indices,bloomberg-commodity
01.04.2023,"104,3114","106,3044","108,8917","102,7478",,indices,bloomberg-commodity
01.03.2023,"105,5076","106,5619","108,3469","101,6154",,indices,bloomberg-commodity
01.02.2023,"106,1591","111,8196","112,0983","104,7415",,indices,bloomberg-commodity
01.01.2023,"111,8001","112,5637","113,1712","107,0287",,indices,bloomberg-commodity
01.12.2022,"112,8052","116,5249","117,8104","109,5772",,indices,bloomberg-commodity
01.11.2022,"116,0528","113,3144","119,2311","112,9223",,indices,bloomberg-commodity
01.10.2022,"113,3532","112,3131","118,1173","109,8149",,indices,bloomberg-commodity
01.09.2022,"111,4887","121,3585","122,0158","109,3820",,indices,bloomberg-commodity
01.08.2022,"121,6412","120,3045","125,9357","116,2502",,indices,bloomberg-commodity
01.07.2022,"121,8270","117,7014","122,8233","109,7997",,indices,bloomberg-commodity
01.06.2022,"117,0482","131,7591","138,1611","117,0065",,indices,bloomberg-commodity
01.05.2022,"131,3430","128,9042","135,5853","123,4540",,indices,bloomberg-commodity
01.04.2022,"129,4827","124,3222","136,0226","123,1434",,indices,bloomberg-commodity
01.03.2022,"124,4109","115,4162","140,5769","115,3097",,indices,bloomberg-commodity
01.02.2022,"114,5522","108,0918","119,7370","107,6310",,indices,bloomberg-commodity
01.01.2022,"107,8627","99,4379","108,7583","98,7984",,indices,bloomberg-commodity
01.12.2021,"99,1694","96,5033","101,0889","94,1663",,indices,bloomberg-commodity
01.11.2021,"95,7976","103,3985","104,6200","95,2987",,indices,bloomberg-commodity
01.10.2021,"103,3578","100,8052","106,2633","100,1368",,indices,bloomberg-commodity
01.09.2021,"100,7581","95,9818","102,3457","95,0640",,indices,bloomberg-commodity
01.08.2021,"95,9859","96,0289","96,8091","91,1000",,indices,bloomberg-commodity
01.07.2021,"96,2754","94,6492","97,5418","91,6930",,indices,bloomberg-commodity
01.06.2021,"94,5412","93,7626","95,5574","89,9227",,indices,bloomberg-commodity
01.05.2021,"92,8252","90,8814","94,5928","90,4104",,indices,bloomberg-commodity
01.04.2021,"90,3610","83,6296","90,9590","82,7085",,indices,bloomberg-commodity
01.03.2021,"83,4445","86,1165","86,8512","82,5144",,indices,bloomberg-commodity
01.02.2021,"85,2778","81,0713","88,1229","80,8252",,indices,bloomberg-commodity
01.01.2021,"80,0981","79,2856","81,3453","78,2908",,indices,bloomberg-commodity
01.12.2020,"78,0543","74,7273","78,0623","73,1705",,indices,bloomberg-commodity
01.11.2020,"74,3612","71,5293","75,0981","71,2137",,indices,bloomberg-commodity
01.10.2020,"71,8436","71,0710","74,5427","69,2179",,indices,bloomberg-commodity
01.09.2020,"70,8516","73,4975","73,9694","69,5005",,indices,bloomberg-commodity
01.08.2020,"73,3150","68,8126","73,6435","68,7076",,indices,bloomberg-commodity
01.07.2020,"68,6767","65,1165","69,0956","64,6948",,indices,bloomberg-commodity
01.06.2020,"64,9762","63,5627","65,1512","62,6745",,indices,bloomberg-commodity
01.05.2020,"63,5353","60,7592","63,8842","60,1883",,indices,bloomberg-commodity
01.04.2020,"60,8983","61,6785","64,4111","58,8710",,indices,bloomberg-commodity
01.03.2020,"61,8577","72,0985","73,9052","59,0877",,indices,bloomberg-commodity
01.02.2020,"70,9799","74,8416","76,7087","70,6124",,indices,bloomberg-commodity
01.01.2020,"74,8374","81,0158","82,2009","74,7505",,indices,bloomberg-commodity
01.12.2019,"80,8871","77,5047","81,6796","77,0550",,indices,bloomberg-commodity
01.11.2019,"77,1108","79,2898","80,9663","77,0772",,indices,bloomberg-commodity
01.10.2019,"79,2367","77,8528","79,8538","77,0414",,indices,bloomberg-commodity
01.09.2019,"77,7797","77,0331","81,4445","76,4039",,indices,bloomberg-commodity
01.08.2019,"77,0044","78,5229","78,5793","75,6843",,indices,bloomberg-commodity
01.07.2019,"78,9631","80,0299","81,1799","78,0445",,indices,bloomberg-commodity
01.06.2019,"79,6530","77,6102","80,5940","76,3485",,indices,bloomberg-commodity
01.05.2019,"77,7043","80,5345","80,5922","77,6845",,indices,bloomberg-commodity
01.04.2019,"80,5738","81,3608","83,0812","80,3818",,indices,bloomberg-commodity
01.03.2019,"81,0872","81,4165","82,7791","79,9050",,indices,bloomberg-commodity
01.02.2019,"81,3904","80,6301","82,4778","79,4700",,indices,bloomberg-commodity
01.01.2019,"80,7252","76,8777","81,6194","76,2729",,indices,bloomberg-commodity
01.12.2018,"76,7154","83,5844","84,0406","76,6127",,indices,bloomberg-commodity
01.11.2018,"82,5607","83,2250","85,0658","80,7546",,indices,bloomberg-commodity
01.10.2018,"83,1903","85,2348","87,8955","83,1487",,indices,bloomberg-commodity
01.09.2018,"85,2010","83,6878","85,5742","82,0057",,indices,bloomberg-commodity
01.08.2018,"83,7360","85,1465","85,8433","82,0006",,indices,bloomberg-commodity
01.07.2018,"85,3947","87,1867","87,2161","82,2770",,indices,bloomberg-commodity
01.06.2018,"87,4095","90,8270","90,8558","85,8075",,indices,bloomberg-commodity
01.05.2018,"90,7159","89,4821","91,9414","88,8611",,indices,bloomberg-commodity
01.04.2018,"89,5930","87,9204","91,2955","85,7230",,indices,bloomberg-commodity
01.03.2018,"87,4729","88,1260","89,1999","86,4325",,indices,bloomberg-commodity
01.02.2018,"88,1409","89,6530","90,1056","85,2975",,indices,bloomberg-commodity
01.01.2018,"89,8001","88,2850","91,1723","87,4685",,indices,bloomberg-commodity
01.12.2017,"88,1674","85,9018","88,2187","83,3717",,indices,bloomberg-commodity
01.11.2017,"85,7033","86,5622","88,2404","85,6366",,indices,bloomberg-commodity
01.10.2017,"86,1882","84,3862","86,3922","83,4233",,indices,bloomberg-commodity
01.09.2017,"84,4599","84,6792","86,0718","84,3615",,indices,bloomberg-commodity
01.08.2017,"84,6565","84,4559","84,9759","82,2795",,indices,bloomberg-commodity
01.07.2017,"84,3915","82,7692","84,6870","81,6722",,indices,bloomberg-commodity
01.06.2017,"82,6017","82,9498","83,0451","79,3459",,indices,bloomberg-commodity
01.05.2017,"82,8292","84,0805","85,4574","81,6728",,indices,bloomberg-commodity
01.04.2017,"84,0128","85,4373","86,4599","83,2345",,indices,bloomberg-commodity
01.03.2017,"85,3508","87,7673","88,3602","83,5633",,indices,bloomberg-commodity
01.02.2017,"87,7388","87,5611","89,4476","86,9535",,indices,bloomberg-commodity
01.01.2017,"87,5922","87,3407","89,4727","86,0015",,indices,bloomberg-commodity
01.12.2016,"87,5144","86,0589","89,0919","85,8434",,indices,bloomberg-commodity
01.11.2016,"86,0015","85,1458","86,4600","81,7879",,indices,bloomberg-commodity
01.10.2016,"84,9011","85,2808","87,0755","84,6232",,indices,bloomberg-commodity
01.09.2016,"85,3420","82,9092","86,0463","82,0268",,indices,bloomberg-commodity
01.08.2016,"82,7727","84,1692","86,8283","82,4494",,indices,bloomberg-commodity
01.07.2016,"84,2809","89,1615","89,7142","82,8144",,indices,bloomberg-commodity
01.06.2016,"88,8423","85,1260","90,3087","84,6756",,indices,bloomberg-commodity
01.05.2016,"85,3383","85,3387","86,0376","81,6697",,indices,bloomberg-commodity
01.04.2016,"85,5205","78,7907","85,7885","76,7958",,indices,bloomberg-commodity
01.03.2016,"78,8272","75,7828","81,5700","75,5620",,indices,bloomberg-commodity
01.02.2016,"75,9463","76,5692","77,1573","73,7065",,indices,bloomberg-commodity
01.01.2016,"77,2234","78,6714","79,0508","72,3315",,indices,bloomberg-commodity
01.12.2015,"78,5588","81,4159","81,9386","76,1606",,indices,bloomberg-commodity
01.11.2015,"81,0781","87,2331","88,1274","80,1942",,indices,bloomberg-commodity
01.10.2015,"87,4289","88,0630","91,9434","86,4735",,indices,bloomberg-commodity
01.09.2015,"87,8214","90,0607","90,6619","86,8222",,indices,bloomberg-commodity
01.08.2015,"90,9328","91,4864","92,6283","85,1001",,indices,bloomberg-commodity
01.07.2015,"91,7827","102,3480","102,5810","91,6714",,indices,bloomberg-commodity
01.06.2015,"102,6892","100,6221","103,4530","99,0768",,indices,bloomberg-commodity
01.05.2015,"100,9465","103,6401","105,9407","99,5219",,indices,bloomberg-commodity
01.04.2015,"103,7471","98,3513","103,8027","98,0407",,indices,bloomberg-commodity
01.03.2015,"98,1230","103,4115","103,5126","96,2058",,indices,bloomberg-commodity
01.02.2015,"103,4379","100,0853","104,7568","99,8801",,indices,bloomberg-commodity
01.01.2015,"100,8413","104,5145","104,6814","98,2747",,indices,bloomberg-commodity
01.12.2014,"104,3285","111,4802","114,8366","104,1470",,indices,bloomberg-commodity
01.11.2014,"112,9451","117,7894","118,7349","112,8565",,indices,bloomberg-commodity
01.10.2014,"117,7365","118,5069","120,1733","115,7011",,indices,bloomberg-commodity
01.09.2014,"118,6922","126,1774","126,4611","118,2027",,indices,bloomberg-commodity
01.08.2014,"126,5745","127,8270","128,3080","124,8005",,indices,bloomberg-commodity
01.07.2014,"127,9143","134,4196","134,5142","127,8809",,indices,bloomberg-commodity
01.06.2014,"134,6268","133,6506","137,1773","132,8062",,indices,bloomberg-commodity
01.05.2014,"133,8324","137,7964","137,7964","133,7872",,indices,bloomberg-commodity
01.04.2014,"137,7964","134,5234","138,6677","133,1235",,indices,bloomberg-commodity
01.03.2014,"134,5234","133,9783","137,1339","132,6818",,indices,bloomberg-commodity
01.02.2014,"133,9783","126,1206","134,4524","125,6454",,indices,bloomberg-commodity
01.01.2014,"126,1206","125,7515","127,6673","122,2242",,indices,bloomberg-commodity
01.12.2013,"125,7515","124,2192","127,9829","123,4491",,indices,bloomberg-commodity
01.11.2013,"124,2192","125,2281","125,4584","122,0029",,indices,bloomberg-commodity
01.10.2013,"125,2281","127,1103","129,1130","125,1943",,indices,bloomberg-commodity
01.09.2013,"127,1103","130,4445","132,0100","126,6302",,indices,bloomberg-commodity
01.08.2013,"130,4445","126,8900","133,6283","123,6052",,indices,bloomberg-commodity
01.07.2013,"126,1571","125,1129","130,1832","125,0462",,indices,bloomberg-commodity
01.06.2013,"124,4663","131,6818","132,9520","124,4387",,indices,bloomberg-commodity
01.05.2013,"130,6295","132,4578","133,4615","130,5648",,indices,bloomberg-commodity
01.04.2013,"133,6316","136,3835","137,1001","129,8346",,indices,bloomberg-commodity
01.03.2013,"137,4762","135,5186","139,5429","135,3708",,indices,bloomberg-commodity
01.02.2013,"136,5666","142,8507","143,6750","136,3911",,indices,bloomberg-commodity
01.01.2013,"142,3956","139,8534","143,0190","137,0224",,indices,bloomberg-commodity
01.12.2012,"139,0707","143,4738","144,1069","138,2193",,indices,bloomberg-commodity
01.11.2012,"142,8028","143,6588","144,2749","139,8124",,indices,bloomberg-commodity
01.10.2012,"142,7416","148,1603","149,9076","142,0861",,indices,bloomberg-commodity
01.09.2012,"148,5061","148,4435","152,7147","144,8674",,indices,bloomberg-commodity
01.08.2012,"146,0275","143,5103","147,0583","140,6889",,indices,bloomberg-commodity
01.07.2012,"144,1690","135,1647","146,2106","134,6760",,indices,bloomberg-commodity
01.06.2012,"135,4213","127,1123","135,5917","126,2241",,indices,bloomberg-commodity
01.05.2012,"128,3789","140,6898","141,7193","128,3693",,indices,bloomberg-commodity
01.04.2012,"141,2917","141,9699","144,0690","136,9633",,indices,bloomberg-commodity
01.03.2012,"141,9021","147,7847","148,6311","139,7708",,indices,bloomberg-commodity
01.02.2012,"148,0367","144,6800","149,6649","143,2845",,indices,bloomberg-commodity
01.01.2012,"144,1561","142,4712","147,4477","140,0367",,indices,bloomberg-commodity
01.12.2011,"140,6802","146,2830","147,4442","136,1699",,indices,bloomberg-commodity
01.11.2011,"146,1596","146,4365","150,7868","141,2115",,indices,bloomberg-commodity
01.10.2011,"149,4779","140,0769","151,3415","138,0680",,indices,bloomberg-commodity
01.09.2011,"140,2016","163,4363","164,1737","140,1167",,indices,bloomberg-commodity
01.08.2011,"164,4327","163,8427","164,6703","152,6062",,indices,bloomberg-commodity
01.07.2011,"162,8146","156,2139","166,5228","155,8001",,indices,bloomberg-commodity
01.06.2011,"158,1349","166,3260","168,8691","153,8469",,indices,bloomberg-commodity
01.05.2011,"166,5416","173,8700","175,6616","156,7131",,indices,bloomberg-commodity
01.04.2011,"175,4211","169,8120","175,6758","168,0550",,indices,bloomberg-commodity
01.03.2011,"169,5579","166,9275","170,5379","157,5595",,indices,bloomberg-commodity
01.02.2011,"166,1437","163,7232","166,5502","160,7087",,indices,bloomberg-commodity
01.01.2011,"163,9999","163,4805","164,0914","157,3542",,indices,bloomberg-commodity
01.12.2010,"162,3929","148,9954","162,5677","148,6986",,indices,bloomberg-commodity
01.11.2010,"146,7299","148,6059","157,8376","142,5668",,indices,bloomberg-commodity
01.10.2010,"147,2686","140,4870","147,9510","138,0016",,indices,bloomberg-commodity
01.09.2010,"140,2939","131,8219","140,6991","131,5888",,indices,bloomberg-commodity
01.08.2010,"130,8135","135,6308","138,4565","128,2874",,indices,bloomberg-commodity
01.07.2010,"134,2481","124,7794","134,2913","123,4080",,indices,bloomberg-commodity
01.06.2010,"125,7471","123,8576","130,7903","121,1931",,indices,bloomberg-commodity
01.05.2010,"125,3626","134,9155","135,3725","121,3841",,indices,bloomberg-commodity
01.04.2010,"134,7037","133,2206","137,3684","132,7585",,indices,bloomberg-commodity
01.03.2010,"132,1517","133,8009","136,1537","129,5776",,indices,bloomberg-commodity
01.02.2010,"133,8318","129,7051","134,9676","125,5633",,indices,bloomberg-commodity
01.01.2010,"129,0506","141,9432","145,1150","128,8210",,indices,bloomberg-commodity
01.12.2009,"139,1873","137,1128","141,1910","131,3584",,indices,bloomberg-commodity
01.11.2009,"136,4934","132,6648","137,8469","130,5900",,indices,bloomberg-commodity
01.10.2009,"131,8621","126,4890","139,5610","122,7820",,indices,bloomberg-commodity
01.09.2009,"127,6830","125,3480","130,0660","121,9560",,indices,bloomberg-commodity
01.08.2009,"125,7190","129,8340","133,1040","123,8290",,indices,bloomberg-commodity
01.07.2009,"126,4750","123,7790","126,5600","112,6020",,indices,bloomberg-commodity
01.06.2009,"122,5360","127,0300","131,5850","116,7730",,indices,bloomberg-commodity
01.05.2009,"124,9320","110,9530","125,2820","110,9060",,indices,bloomberg-commodity
01.04.2009,"110,5710","108,6110","114,1970","106,8240",,indices,bloomberg-commodity
01.03.2009,"109,7820","104,5300","114,7400","101,6790",,indices,bloomberg-commodity
01.02.2009,"105,9880","109,2930","114,6240","101,4790",,indices,bloomberg-commodity
01.01.2009,"110,9300","116,3860","123,7920","108,2210",,indices,bloomberg-commodity
01.12.2008,"117,2440","120,3620","120,4240","105,8780",,indices,bloomberg-commodity
01.11.2008,"122,7530","131,7100","139,4810","117,2120",,indices,bloomberg-commodity
01.10.2008,"131,9720","167,6880","169,6090","123,5900",,indices,bloomberg-commodity
01.09.2008,"167,7760","182,2010","184,0760","166,7770",,indices,bloomberg-commodity
01.08.2008,"189,8890","203,4550","207,3120","185,4610",,indices,bloomberg-commodity
01.07.2008,"205,1030","234,0240","238,5210","200,4210",,indices,bloomberg-commodity
01.06.2008,"233,0340","213,1940","236,0700","211,7810",,indices,bloomberg-commodity
01.05.2008,"213,9470","208,9240","221,6660","202,3070",,indices,bloomberg-commodity
01.04.2008,"208,5520","199,4680","216,0550","197,0310",,indices,bloomberg-commodity
01.03.2008,"201,5980","217,4160","225,9720","195,2720",,indices,bloomberg-commodity
01.02.2008,"215,5210","193,0990","217,3440","189,2210",,indices,bloomberg-commodity
01.01.2008,"192,2860","187,1000","193,6260","181,0260",,indices,bloomberg-commodity
01.12.2007,"184,9640","175,6020","186,9270","175,1450",,indices,bloomberg-commodity
01.11.2007,"177,2470","184,6570","186,4080","176,9660",,indices,bloomberg-commodity
01.10.2007,"183,5240","178,2170","183,8750","171,8840",,indices,bloomberg-commodity
01.09.2007,"178,2500","165,1100","180,3790","164,6720",,indices,bloomberg-commodity
01.08.2007,"165,5660","171,9470","172,8730","160,1600",,indices,bloomberg-commodity
01.07.2007,"172,4460","170,2510","175,1800","168,0630",,indices,bloomberg-commodity
01.06.2007,"169,6710","172,8330","177,1040","167,4300",,indices,bloomberg-commodity
01.05.2007,"172,7230","172,9010","175,3030","169,6050",,indices,bloomberg-commodity
01.04.2007,"173,2150","171,2900","175,1930","169,7650",,indices,bloomberg-commodity
01.03.2007,"171,9630","171,1850","173,4450","164,8080",,indices,bloomberg-commodity
01.02.2007,"171,0130","166,7920","174,6200","163,0200",,indices,bloomberg-commodity
01.01.2007,"166,0940","163,1940","167,2100","154,7080",,indices,bloomberg-commodity
01.12.2006,"166,5090","174,2530","175,5270","164,9680",,indices,bloomberg-commodity
01.11.2006,"175,2140","167,0610","175,5810","163,4300",,indices,bloomberg-commodity
01.10.2006,"166,8170","160,8470","170,7130","154,6350",,indices,bloomberg-commodity
01.09.2006,"159,9570","170,4390","172,1410","155,3470",,indices,bloomberg-commodity
01.08.2006,"170,8760","178,7440","181,3740","167,5800",,indices,bloomberg-commodity
01.07.2006,"178,0320","173,6210","180,5650","168,9800",,indices,bloomberg-commodity
01.06.2006,"173,2350","174,7530","180,0360","165,1020",,indices,bloomberg-commodity
01.05.2006,"176,6790","176,4540","188,1100","172,0100",,indices,bloomberg-commodity
01.04.2006,"175,7670","166,7040","180,0140","164,3850",,indices,bloomberg-commodity
01.03.2006,"165,1940","161,9570","167,4660","157,8650",,indices,bloomberg-commodity
01.02.2006,"162,2340","174,1980","175,3400","158,8520",,indices,bloomberg-commodity
01.01.2006,"173,6690","171,1490","174,5190","166,6540",,indices,bloomberg-commodity
01.12.2005,"171,1490","166,7920","180,9370","166,7870",,indices,bloomberg-commodity
01.11.2005,"166,4020","166,5310","168,9700","162,0450",,indices,bloomberg-commodity
01.10.2005,"166,5160","178,5970","179,6170","166,3050",,indices,bloomberg-commodity
01.09.2005,"178,2490","171,9130","180,3150","165,6790",,indices,bloomberg-commodity
01.08.2005,"170,8160","159,5610","175,2710","159,3730",,indices,bloomberg-commodity
01.07.2005,"159,3300","153,4120","161,0880","153,2600",,indices,bloomberg-commodity
01.06.2005,"152,8850","150,8150","161,6080","150,6440",,indices,bloomberg-commodity
01.05.2005,"150,7270","151,5880","153,7410","145,7270",,indices,bloomberg-commodity
01.04.2005,"152,2940","162,0110","163,2760","151,7050",,indices,bloomberg-commodity
01.03.2005,"162,0940","156,1530","166,1890","154,9870",,indices,bloomberg-commodity
01.02.2005,"156,8510","146,2550","158,3210","141,1180",,indices,bloomberg-commodity
01.01.2005,"146,8210","143,9880","149,2440","139,9830",,indices,bloomberg-commodity
01.12.2004,"145,6040","153,3180","153,8080","140,5120",,indices,bloomberg-commodity
01.11.2004,"153,4060","156,1350","156,8810","149,1950",,indices,bloomberg-commodity
01.10.2004,"155,5490","152,2180","160,1760","150,2610",,indices,bloomberg-commodity
01.09.2004,"153,1750","144,0650","154,0090","140,5380",,indices,bloomberg-commodity
01.08.2004,"143,5560","145,7920","149,6910","141,6810",,indices,bloomberg-commodity
01.07.2004,"146,4140","143,8010","148,1450","143,4430",,indices,bloomberg-commodity
01.06.2004,"144,0340","153,4260","155,1840","142,7390",,indices,bloomberg-commodity
01.05.2004,"150,4360","148,4160","152,5960","146,4940",,indices,bloomberg-commodity
01.04.2004,"148,0460","150,9160","151,9420","144,0280",,indices,bloomberg-commodity
01.03.2004,"150,8370","147,1800","152,0600","143,1900",,indices,bloomberg-commodity
01.02.2004,"146,4500","137,3000","146,6700","136,1000",,indices,bloomberg-commodity
01.01.2004,"137,6200","138,4100","142,8800","136,1100",,indices,bloomberg-commodity
01.12.2003,"135,2700","127,0400","137,7900","127,0000",,indices,bloomberg-commodity
01.11.2003,"126,0870","126,9600","131,0600","124,1500",,indices,bloomberg-commodity
01.10.2003,"126,5700","120,8500","128,5800","119,9600",,indices,bloomberg-commodity
01.09.2003,"120,9000","120,9000","125,3100","116,7900",,indices,bloomberg-commodity
01.08.2003,"120,9000","116,8700","121,8700","116,6700",,indices,bloomberg-commodity
01.07.2003,"116,4000","115,4800","118,4700","113,0400",,indices,bloomberg-commodity
01.06.2003,"115,7900","119,0500","121,6900","114,5500",,indices,bloomberg-commodity
01.05.2003,"118,8200","112,5800","120,4400","111,7300",,indices,bloomberg-commodity
01.04.2003,"112,3600","112,8100","115,7100","107,1900",,indices,bloomberg-commodity
01.03.2003,"113,1700","121,7900","124,1800","110,9300",,indices,bloomberg-commodity
01.02.2003,"122,5300","118,3500","126,2700","117,1500",,indices,bloomberg-commodity
01.01.2003,"118,6400","110,2700","120,1700","110,2700",,indices,bloomberg-commodity
01.12.2002,"110,2800","105,3800","112,9900","104,3700",,indices,bloomberg-commodity
01.11.2002,"105,2500","105,1000","105,9100","100,3500",,indices,bloomberg-commodity
01.10.2002,"105,0500","106,9000","107,5800","97,9300",,indices,bloomberg-commodity
01.09.2002,"106,2900","102,5800","107,7200","101,0300",,indices,bloomberg-commodity
01.08.2002,"102,6100","99,3400","103,5900","95,9100",,indices,bloomberg-commodity
01.07.2002,"98,8300","99,7200","104,5800","94,7800",,indices,bloomberg-commodity
01.06.2002,"99,5200","97,4400","99,8300","94,1300",,indices,bloomberg-commodity
01.05.2002,"97,7600","98,8800","101,7600","94,6000",,indices,bloomberg-commodity
01.04.2002,"99,4300","100,2300","103,0000","93,9900",,indices,bloomberg-commodity
01.03.2002,"99,5900","90,5800","101,1900","90,5700",,indices,bloomberg-commodity
01.02.2002,"90,4800","88,0900","92,0700","88,0600",,indices,bloomberg-commodity
01.01.2002,"88,3100","89,0300","92,7000","86,6600",,indices,bloomberg-commodity
01.12.2001,"89,0300","90,5500","91,7300","85,3800",,indices,bloomberg-commodity
01.11.2001,"90,9600","89,7760","92,1510","85,6700",,indices,bloomberg-commodity
01.10.2001,"90,4070","94,8800","94,8800","90,2400",,indices,bloomberg-commodity
01.09.2001,"95,1070","101,3510","104,7000","93,8850",,indices,bloomberg-commodity
01.08.2001,"102,2250","102,2900","103,8450","101,3290",,indices,bloomberg-commodity
01.07.2001,"102,5700","101,5400","104,6130","101,1300",,indices,bloomberg-commodity
01.06.2001,"101,5710","106,1830","107,1950","100,6920",,indices,bloomberg-commodity
01.05.2001,"106,0910","109,3760","110,8320","106,0910",,indices,bloomberg-commodity
01.04.2001,"108,7080","104,9250","116,0800","104,9250",,indices,bloomberg-commodity
01.03.2001,"105,3720","110,7460","112,3400","105,3720",,indices,bloomberg-commodity
01.02.2001,"110,4790","113,4640","115,2940","110,1500",,indices,bloomberg-commodity
01.01.2001,"111,3740","111,4510","115,5500","111,3740",,indices,bloomberg-commodity
01.12.2000,"114,6130","110,3140","116,0910","110,0600",,indices,bloomberg-commodity
01.11.2000,"111,5900","104,4090","112,8080","104,4090",,indices,bloomberg-commodity
01.10.2000,"103,8200","108,3770","112,7170","103,5380",,indices,bloomberg-commodity
01.09.2000,"106,9750","108,4170","111,1720","106,4610",,indices,bloomberg-commodity
01.08.2000,"108,1700","99,6360","108,1700","99,6360",,indices,bloomberg-commodity
01.07.2000,"99,0040","102,0190","103,1260","99,0040",,indices,bloomberg-commodity
01.06.2000,"104,7640","103,4510","105,7500","102,7750",,indices,bloomberg-commodity
01.05.2000,"102,8430","98,5180","104,8750","98,5180",,indices,bloomberg-commodity
01.04.2000,"96,8820","97,6770","97,6830","94,6280",,indices,bloomberg-commodity
01.03.2000,"98,5240","99,8380","102,2480","97,0050",,indices,bloomberg-commodity
01.02.2000,"98,0630","97,5490","99,3160","96,4310",,indices,bloomberg-commodity
01.01.2000,"96,8150","92,0450","97,6500","90,7500",,indices,bloomberg-commodity
01.12.1999,"92,2730","90,3580","93,1540","89,7250",,indices,bloomberg-commodity
01.11.1999,"90,0880","88,8230","92,6950","88,7210",,indices,bloomberg-commodity
01.10.1999,"88,4230","92,3330","92,3330","87,1760",,indices,bloomberg-commodity
01.09.1999,"92,4350","88,2990","93,1290","87,4810",,indices,bloomberg-commodity
01.08.1999,"88,2110","84,6690","88,2110","84,6690",,indices,bloomberg-commodity
01.07.1999,"83,7280","82,0520","84,4970","80,9150",,indices,bloomberg-commodity
01.06.1999,"82,5990","77,9590","82,5990","77,9590",,indices,bloomberg-commodity
01.05.1999,"78,5580","84,2680","84,3650","78,5580",,indices,bloomberg-commodity
01.04.1999,"83,9970","80,7800","83,9970","79,2840",,indices,bloomberg-commodity
01.03.1999,"81,0230","74,3500","81,4500","74,3500",,indices,bloomberg-commodity
01.02.1999,"74,2410","76,7850","77,2170","74,2410",,indices,bloomberg-commodity
01.01.1999,"77,1890","78,1870","80,6870","76,2380",,indices,bloomberg-commodity
01.12.1998,"77,8030","80,5810","80,5810","76,6080",,indices,bloomberg-commodity
01.11.1998,"80,8450","87,3720","87,5830","80,8450",,indices,bloomberg-commodity
01.10.1998,"87,4570","89,2910","89,8810","87,1320",,indices,bloomberg-commodity
01.09.1998,"90,4470","85,7470","90,5620","85,6190",,indices,bloomberg-commodity
01.08.1998,"84,2670","88,8780","89,5980","84,2670",,indices,bloomberg-commodity
01.07.1998,"90,3540","96,0120","96,0120","90,3540",,indices,bloomberg-commodity
01.06.1998,"96,5610","98,2150","98,2200","93,7370",,indices,bloomberg-commodity
01.05.1998,"99,1220","105,6330","105,8150","98,3190",,indices,bloomberg-commodity
01.04.1998,"104,6830","105,4450","107,1590","104,6830",,indices,bloomberg-commodity
01.03.1998,"106,5160","107,0040","108,2320","102,9460",,indices,bloomberg-commodity
01.02.1998,"106,6890","112,0850","112,0850","105,3210",,indices,bloomberg-commodity
01.01.1998,"111,9260","111,0730","113,0280","107,1930",,indices,bloomberg-commodity
01.12.1997,"111,9840","116,8650","116,8650","111,9840",,indices,bloomberg-commodity
01.11.1997,"117,1990","122,6260","122,6260","117,1990",,indices,bloomberg-commodity
01.10.1997,"122,5350","122,3590","125,2390","121,6250",,indices,bloomberg-commodity
01.09.1997,"122,5690","121,8780","123,0400","120,2940",,indices,bloomberg-commodity
01.08.1997,"121,7560","122,9390","123,6510","120,2140",,indices,bloomberg-commodity
01.07.1997,"122,3870","118,6650","122,3870","115,6770",,indices,bloomberg-commodity
01.06.1997,"119,0570","125,8050","125,8050","118,7490",,indices,bloomberg-commodity
01.05.1997,"126,8560","125,4560","128,4850","124,5370",,indices,bloomberg-commodity
01.04.1997,"125,5460","125,1120","125,5460","121,3140",,indices,bloomberg-commodity
01.03.1997,"125,1050","123,9840","126,0080","123,6760",,indices,bloomberg-commodity
01.02.1997,"123,0910","122,1590","123,4690","119,8390",,indices,bloomberg-commodity
01.01.1997,"122,2910","122,5740","125,6870","122,2910",,indices,bloomberg-commodity
01.12.1996,"122,0440","120,8290","123,3900","118,6680",,indices,bloomberg-commodity
01.11.1996,"120,9330","114,6810","121,1440","114,0840",,indices,bloomberg-commodity
01.10.1996,"115,0090","116,5930","119,6420","115,0090",,indices,bloomberg-commodity
01.09.1996,"117,1350","117,9350","118,8910","116,2440",,indices,bloomberg-commodity
01.08.1996,"117,0570","113,5530","117,2030","113,1350",,indices,bloomberg-commodity
01.07.1996,"112,1130","115,2720","117,7410","111,2310",,indices,bloomberg-commodity
01.06.1996,"114,2670","114,2390","114,7880","111,9240",,indices,bloomberg-commodity
01.05.1996,"114,9130","116,9740","119,0780","114,8560",,indices,bloomberg-commodity
01.04.1996,"115,9350","112,0470","118,1790","112,0470",,indices,bloomberg-commodity
01.03.1996,"111,0100","105,7540","111,8430","105,0640",,indices,bloomberg-commodity
01.02.1996,"106,3930","104,8300","106,7010","103,3280",,indices,bloomberg-commodity
01.01.1996,"104,5820","105,0410","105,7030","100,7170",,indices,bloomberg-commodity
01.12.1995,"104,3230","100,0550","104,4840","100,0550",,indices,bloomberg-commodity
01.11.1995,"99,5050","98,8720","99,9100","98,4850",,indices,bloomberg-commodity
01.10.1995,"98,4150","98,0270","98,4150","96,5340",,indices,bloomberg-commodity
01.09.1995,"98,0440","97,8900","99,5490","97,6700",,indices,bloomberg-commodity
01.08.1995,"97,5380","95,9490","97,9660","95,6710",,indices,bloomberg-commodity
01.07.1995,"96,3520","94,9710","96,8080","94,5500",,indices,bloomberg-commodity
01.06.1995,"94,9610","97,1630","97,3820","94,9610",,indices,bloomberg-commodity
01.05.1995,"96,3570","98,0510","98,1700","95,2350",,indices,bloomberg-commodity
01.04.1995,"97,5310","96,3550","97,9580","96,3060",,indices,bloomberg-commodity
01.03.1995,"96,0440","94,0010","96,0440","93,9640",,indices,bloomberg-commodity
01.02.1995,"94,1900","94,5140","95,0960","93,2910",,indices,bloomberg-commodity
01.01.1995,"94,7400","94,7310","96,6700","94,2650",,indices,bloomberg-commodity
01.12.1994,"95,7720","93,3890","95,8240","91,9430",,indices,bloomberg-commodity
01.11.1994,"93,5840","95,1880","95,4330","93,5840",,indices,bloomberg-commodity
01.10.1994,"94,2020","93,9000","95,0880","91,7550",,indices,bloomberg-commodity
01.09.1994,"93,8420","94,1360","95,3700","92,8730",,indices,bloomberg-commodity
01.08.1994,"94,0620","97,4380","97,4380","91,3750",,indices,bloomberg-commodity
01.07.1994,"97,0180","96,3950","97,8710","94,3410",,indices,bloomberg-commodity
01.06.1994,"96,0480","92,8310","97,9580","91,6190",,indices,bloomberg-commodity
01.05.1994,"93,7240","89,3420","95,1300","88,9380",,indices,bloomberg-commodity
01.04.1994,"89,2770","88,4230","89,2770","87,2930",,indices,bloomberg-commodity
01.03.1994,"87,6850","87,7110","88,8950","86,4000",,indices,bloomberg-commodity
01.02.1994,"87,7560","90,2360","90,7480","87,3280",,indices,bloomberg-commodity
01.01.1994,"88,6610","85,8640","88,8750","85,8640",,indices,bloomberg-commodity
01.12.1993,"85,7160","85,2610","85,9730","84,5610",,indices,bloomberg-commodity
01.11.1993,"84,7100","86,0170","87,7730","84,7100",,indices,bloomberg-commodity
01.10.1993,"85,8600","86,9240","87,5600","85,8600",,indices,bloomberg-commodity
01.09.1993,"87,1430","88,6330","88,7040","85,6800",,indices,bloomberg-commodity
01.08.1993,"89,4490","91,8840","91,8840","88,8210",,indices,bloomberg-commodity
01.07.1993,"91,2510","90,2710","92,1070","89,9290",,indices,bloomberg-commodity
01.06.1993,"89,9340","89,7770","89,9340","87,6500",,indices,bloomberg-commodity
01.05.1993,"90,4800","91,9300","91,9300","90,2000",,indices,bloomberg-commodity
01.04.1993,"92,3400","91,8250","92,3400","90,6620",,indices,bloomberg-commodity
01.03.1993,"91,7140","89,5690","91,7140","89,5690",,indices,bloomberg-commodity
01.02.1993,"89,8310","89,1110","89,9020","88,5110",,indices,bloomberg-commodity
01.01.1993,"88,9380","88,5080","89,2320","87,9660",,indices,bloomberg-commodity
01.12.1992,"89,3240","88,3470","90,0900","87,8870",,indices,bloomberg-commodity
01.11.1992,"89,6210","91,3120","91,3120","89,5590",,indices,bloomberg-commodity
01.10.1992,"90,6250","93,5550","93,5550","90,5300",,indices,bloomberg-commodity
01.09.1992,"93,5970","92,5470","94,3720","92,5470",,indices,bloomberg-commodity
01.08.1992,"92,4630","93,2300","93,2300","91,5360",,indices,bloomberg-commodity
01.07.1992,"93,7120","94,4430","94,7060","93,3280",,indices,bloomberg-commodity
01.06.1992,"94,3070","94,6080","95,3900","94,3070",,indices,bloomberg-commodity
01.05.1992,"94,2310","91,6950","94,2310","91,6950",,indices,bloomberg-commodity
01.04.1992,"91,3890","91,2690","91,9780","90,3440",,indices,bloomberg-commodity
01.03.1992,"90,9300","89,9920","90,9350","89,9920",,indices,bloomberg-commodity
01.02.1992,"90,4260","90,7460","92,3890","89,7250",,indices,bloomberg-commodity
01.01.1992,"90,6860","89,1930","91,5640","88,0540",,indices,bloomberg-commodity
01.12.1991,"89,2100","93,2050","93,2050","88,7210",,indices,bloomberg-commodity
01.11.1991,"93,4480","96,7120","96,7120","93,2950",,indices,bloomberg-commodity
01.10.1991,"96,2390","95,8820","97,3960","95,8820",,indices,bloomberg-commodity
01.09.1991,"95,7930","95,0510","96,3780","94,8490",,indices,bloomberg-commodity
01.08.1991,"94,9920","95,6170","95,7790","92,7470",,indices,bloomberg-commodity
01.07.1991,"95,2680","92,2600","95,2680","91,6430",,indices,bloomberg-commodity
01.06.1991,"91,8190","94,9150","94,9150","91,8190",,indices,bloomberg-commodity
01.05.1991,"94,5570","96,4090","96,4410","94,5570",,indices,bloomberg-commodity
01.04.1991,"96,0550","96,7810","98,1570","96,0550",,indices,bloomberg-commodity
01.03.1991,"96,1250","96,6720","98,1910","95,6680",,indices,bloomberg-commodity
01.02.1991,"95,9030","94,2000","95,9030","93,1190",,indices,bloomberg-commodity
01.07.2025,"7,1606","7,1574","7,1693","7,1562",,currencies,usd-cny
01.06.2025,"7,1639","7,1998","7,2013","7,1574",,currencies,usd-cny
01.05.2025,"7,1998","7,2714","7,2714","7,1679",,currencies,usd-cny
01.04.2025,"7,2714","7,2606","7,3511","7,2596",,currencies,usd-cny
01.03.2025,"7,2572","7,2826","7,2935","7,2161",,currencies,usd-cny
01.02.2025,"7,2838","7,2514","7,3098","7,2288",,currencies,usd-cny
01.01.2025,"7,2514","7,3002","7,3328","7,2376",,currencies,usd-cny
01.12.2024,"7,2993","7,2528","7,2996","7,2387",,currencies,usd-cny
01.11.2024,"7,2423","7,1143","7,2593","7,0866",,currencies,usd-cny
01.10.2024,"7,1178","7,0185","7,1431","7,0185",,currencies,usd-cny
01.09.2024,"7,0176","7,0971","7,1256","7,0109",,currencies,usd-cny
01.08.2024,"7,0900","7,2121","7,2477","7,0847",,currencies,usd-cny
01.07.2024,"7,2193","7,2673","7,2775","7,2109",,currencies,usd-cny
01.06.2024,"7,2672","7,2437","7,2689","7,2365",,currencies,usd-cny
01.05.2024,"7,2415","7,2089","7,2497","7,2050",,currencies,usd-cny
01.04.2024,"7,2401","7,2249","7,2474","7,2249",,currencies,usd-cny
01.03.2024,"7,2203","7,1934","7,2305","7,1716",,currencies,usd-cny
01.02.2024,"7,1877","7,1789","7,1995","7,1763",,currencies,usd-cny
01.01.2024,"7,1673","7,1087","7,1976","7,1085",,currencies,usd-cny
01.12.2023,"7,0978","7,1350","7,1883","7,0880",,currencies,usd-cny
01.11.2023,"7,1360","7,3158","7,3198","7,1184",,currencies,usd-cny
01.10.2023,"7,3158","7,3019","7,3196","7,2758",,currencies,usd-cny
01.09.2023,"7,3010","7,2449","7,3504","7,2448",,currencies,usd-cny
01.08.2023,"7,2582","7,1592","7,3173","7,1533",,currencies,usd-cny
01.07.2023,"7,1426","7,2320","7,2558","7,1195",,currencies,usd-cny
01.06.2023,"7,2513","7,1043","7,2689","7,0560",,currencies,usd-cny
01.05.2023,"7,1109","6,8950","7,1128","6,8924",,currencies,usd-cny
01.04.2023,"6,9110","6,8788","6,9338","6,8321",,currencies,usd-cny
01.03.2023,"6,8676","6,9289","6,9773","6,8166",,currencies,usd-cny
01.02.2023,"6,9325","6,7453","6,9732","6,7066",,currencies,usd-cny
01.01.2023,"6,7540","6,9142","6,9240","6,6910",,currencies,usd-cny
01.12.2022,"6,8972","7,0450","7,0907","6,8931",,currencies,usd-cny
01.11.2022,"7,0879","7,3231","7,3285","7,0248",,currencies,usd-cny
01.10.2022,"7,3015","7,1102","7,3094","7,1082",,currencies,usd-cny
01.09.2022,"7,1135","6,9065","7,2506","6,8934",,currencies,usd-cny
01.08.2022,"6,8890","6,7474","6,9225","6,7230",,currencies,usd-cny
01.07.2022,"6,7433","6,6940","6,7715","6,6840",,currencies,usd-cny
01.06.2022,"6,6981","6,6676","6,7617","6,6376",,currencies,usd-cny
01.05.2022,"6,6715","6,5908","6,8127","6,5908",,currencies,usd-cny
01.04.2022,"6,6080","6,3430","6,6515","6,3422",,currencies,usd-cny
01.03.2022,"6,3393","6,3071","6,3868","6,3068",,currencies,usd-cny
01.02.2022,"6,3084","6,3569","6,3720","6,3046",,currencies,usd-cny
01.01.2022,"6,3605","6,3719","6,3859","6,3186",,currencies,usd-cny
01.12.2021,"6,3521","6,3681","6,3850","6,3384",,currencies,usd-cny
01.11.2021,"6,3640","6,4060","6,4098","6,3625",,currencies,usd-cny
01.10.2021,"6,4050","6,4493","6,4594","6,3777",,currencies,usd-cny
01.09.2021,"6,4452","6,4618","6,4760","6,4291",,currencies,usd-cny
01.08.2021,"6,4604","6,4615","6,5057","6,4542",,currencies,usd-cny
01.07.2021,"6,4609","6,4622","6,5132","6,4498",,currencies,usd-cny
01.06.2021,"6,4566","6,3676","6,4903","6,3611",,currencies,usd-cny
01.05.2021,"6,3688","6,4808","6,4840","6,3568",,currencies,usd-cny
01.04.2021,"6,4730","6,5556","6,5792","6,4633",,currencies,usd-cny
01.03.2021,"6,5518","6,4676","6,5802","6,4556",,currencies,usd-cny
01.02.2021,"6,4730","6,4309","6,4902","6,4292",,currencies,usd-cny
01.01.2021,"6,4250","6,5167","6,5170","6,4223",,currencies,usd-cny
01.12.2020,"6,5250","6,5789","6,5875","6,5152",,currencies,usd-cny
01.11.2020,"6,5760","6,6927","6,7508","6,5389",,currencies,usd-cny
01.10.2020,"6,6919","6,7908","6,7909","6,6408",,currencies,usd-cny
01.09.2020,"6,7896","6,8445","6,8565","6,7508",,currencies,usd-cny
01.08.2020,"6,8474","6,9816","6,9885","6,8422",,currencies,usd-cny
01.07.2020,"6,9744","7,0675","7,0743","6,9646",,currencies,usd-cny
01.06.2020,"7,0651","7,1151","7,1400","7,0511",,currencies,usd-cny
01.05.2020,"7,1348","7,0622","7,1800","7,0622",,currencies,usd-cny
01.04.2020,"7,0600","7,0825","7,1283","7,0275",,currencies,usd-cny
01.03.2020,"7,0808","6,9742","7,1270","6,9094",,currencies,usd-cny
01.02.2020,"6,9906","6,9366","7,0434","6,9366",,currencies,usd-cny
01.01.2020,"6,9364","6,9632","6,9798","6,8403",,currencies,usd-cny
01.12.2019,"6,9618","7,0270","7,0743","6,9567",,currencies,usd-cny
01.11.2019,"7,0308","7,0395","7,0497","6,9682",,currencies,usd-cny
01.10.2019,"7,0379","7,1315","7,1529","7,0314",,currencies,usd-cny
01.09.2019,"7,1477","7,1568","7,1856","7,0623",,currencies,usd-cny
01.08.2019,"7,1543","6,8842","7,1715","6,8842",,currencies,usd-cny
01.07.2019,"6,8833","6,8668","6,8971","6,8336",,currencies,usd-cny
01.06.2019,"6,8650","6,9050","6,9376","6,8339",,currencies,usd-cny
01.05.2019,"6,9027","6,7349","6,9218","6,7336",,currencies,usd-cny
01.04.2019,"6,7347","6,7120","6,7502","6,6845",,currencies,usd-cny
01.03.2019,"6,7112","6,6942","6,7411","6,6690",,currencies,usd-cny
01.02.2019,"6,6912","6,7008","6,7950","6,6728",,currencies,usd-cny
01.01.2019,"6,6958","6,8615","6,8832","6,6915",,currencies,usd-cny
01.12.2018,"6,8755","6,9250","6,9340","6,8315",,currencies,usd-cny
01.11.2018,"6,9558","6,9679","6,9703","6,8691",,currencies,usd-cny
01.10.2018,"6,9737","6,9039","6,9774","6,8895",,currencies,usd-cny
01.09.2018,"6,8680","6,8426","6,8927","6,8065",,currencies,usd-cny
01.08.2018,"6,8300","6,8253","6,9349","6,7891",,currencies,usd-cny
01.07.2018,"6,8038","6,6285","6,8420","6,5989",,currencies,usd-cny
01.06.2018,"6,6171","6,4094","6,6417","6,3851",,currencies,usd-cny
01.05.2018,"6,4096","6,3531","6,4338","6,3284",,currencies,usd-cny
01.04.2018,"6,3325","6,2679","6,3481","6,2610",,currencies,usd-cny
01.03.2018,"6,2726","6,3281","6,3614","6,2429",,currencies,usd-cny
01.02.2018,"6,3280","6,2965","6,3643","6,2525",,currencies,usd-cny
01.01.2018,"6,2841","6,4970","6,5368","6,2838",,currencies,usd-cny
01.12.2017,"6,5063","6,6097","6,6241","6,5034",,currencies,usd-cny
01.11.2017,"6,6090","6,6349","6,6518","6,5718",,currencies,usd-cny
01.10.2017,"6,6328","6,6534","6,6634","6,5704",,currencies,usd-cny
01.09.2017,"6,6533","6,5899","6,6835","6,4349",,currencies,usd-cny
01.08.2017,"6,5888","6,7266","6,7315","6,5799",,currencies,usd-cny
01.07.2017,"6,7240","6,7761","6,8078","6,7213",,currencies,usd-cny
01.06.2017,"6,7793","6,8008","6,8455","6,7614",,currencies,usd-cny
01.05.2017,"6,8098","6,8935","6,9090","6,8101",,currencies,usd-cny
01.04.2017,"6,8900","6,8871","6,9110","6,8737",,currencies,usd-cny
01.03.2017,"6,8832","6,8748","6,9215","6,8660",,currencies,usd-cny
01.02.2017,"6,8665","6,8675","6,8924","6,8508",,currencies,usd-cny
01.01.2017,"6,8768","6,9567","6,9627","6,8314",,currencies,usd-cny
01.12.2016,"6,9430","6,8926","6,9613","6,8625",,currencies,usd-cny
01.11.2016,"6,8837","6,7758","6,9240","6,7551",,currencies,usd-cny
01.10.2016,"6,7735","6,6680","6,7877","6,6680",,currencies,usd-cny
01.09.2016,"6,6685","6,6793","6,6873","6,6561",,currencies,usd-cny
01.08.2016,"6,6776","6,6320","6,6838","6,6137",,currencies,usd-cny
01.07.2016,"6,6371","6,6480","6,7056","6,6361",,currencies,usd-cny
01.06.2016,"6,6459","6,5863","6,6557","6,5548",,currencies,usd-cny
01.05.2016,"6,5798","6,4755","6,5869","6,4700",,currencies,usd-cny
01.04.2016,"6,4738","6,4625","6,5095","6,4563",,currencies,usd-cny
01.03.2016,"6,4480","6,5449","6,5549","6,4480",,currencies,usd-cny
01.02.2016,"6,5525","6,5740","6,5824","6,4885",,currencies,usd-cny
01.01.2016,"6,5752","6,5084","6,5972","6,5076",,currencies,usd-cny
01.12.2015,"6,4921","6,3976","6,4950","6,3894",,currencies,usd-cny
01.11.2015,"6,3981","6,3202","6,3990","6,3186",,currencies,usd-cny
01.10.2015,"6,3180","6,3561","6,3693","6,3169",,currencies,usd-cny
01.09.2015,"6,3556","6,3764","6,3878","6,3517",,currencies,usd-cny
01.08.2015,"6,3760","6,2095","6,4501","6,2085",,currencies,usd-cny
01.07.2015,"6,2097","6,2025","6,2130","6,2001",,currencies,usd-cny
01.06.2015,"6,2000","6,1984","6,2175","6,1936",,currencies,usd-cny
01.05.2015,"6,1980","6,2085","6,2109","6,1922",,currencies,usd-cny
01.04.2015,"6,2018","6,1996","6,2210","6,1884",,currencies,usd-cny
01.03.2015,"6,1990","6,2730","6,2766","6,1800",,currencies,usd-cny
01.02.2015,"6,2695","6,2500","6,2703","6,2368",,currencies,usd-cny
01.01.2015,"6,2495","6,2178","6,2568","6,1875",,currencies,usd-cny
01.12.2014,"6,2046","6,1431","6,2351","6,1431",,currencies,usd-cny
01.11.2014,"6,1429","6,1171","6,1494","6,1104",,currencies,usd-cny
01.10.2014,"6,1124","6,1390","6,1408","6,1077",,currencies,usd-cny
01.09.2014,"6,1380","6,1442","6,1543","6,1248",,currencies,usd-cny
01.08.2014,"6,1430","6,1740","6,1832","6,1363",,currencies,usd-cny
01.07.2014,"6,1737","6,2035","6,2174","6,1702",,currencies,usd-cny
01.06.2014,"6,2036","6,2475","6,2579","6,1993",,currencies,usd-cny
01.05.2014,"6,2471","6,2529","6,2630","6,2182",,currencies,usd-cny
01.04.2014,"6,2591","6,2172","6,2676","6,1858",,currencies,usd-cny
01.03.2014,"6,2164","6,1447","6,2340","6,1010",,currencies,usd-cny
01.02.2014,"6,1448","6,0624","6,1724","6,0575",,currencies,usd-cny
01.01.2014,"6,0600","6,0518","6,0615","6,0402",,currencies,usd-cny
01.12.2013,"6,0537","6,0927","6,0939","6,0502",,currencies,usd-cny
01.11.2013,"6,0922","6,0947","6,1027","6,0871",,currencies,usd-cny
01.10.2013,"6,0943","6,1215","6,1221","6,0802",,currencies,usd-cny
01.09.2013,"6,1200","6,1198","6,1250","6,1143",,currencies,usd-cny
01.08.2013,"6,1193","6,1290","6,1336","6,1098",,currencies,usd-cny
01.07.2013,"6,1284","6,1340","6,1451","6,1248",,currencies,usd-cny
01.06.2013,"6,1374","6,1355","6,1522","6,1231",,currencies,usd-cny
01.05.2013,"6,1345","6,1649","6,1731","6,1206",,currencies,usd-cny
01.04.2013,"6,1647","6,2108","6,2108","6,1611",,currencies,usd-cny
01.03.2013,"6,2106","6,2232","6,2305","6,2083",,currencies,usd-cny
01.02.2013,"6,2213","6,2216","6,2462","6,2206",,currencies,usd-cny
01.01.2013,"6,2188","6,2300","6,2321","6,2126",,currencies,usd-cny
01.12.2012,"6,2303","6,2280","6,2563","6,2234",,currencies,usd-cny
01.11.2012,"6,2267","6,2374","6,2482","6,2207",,currencies,usd-cny
01.10.2012,"6,2372","6,2841","6,2897","6,2366",,currencies,usd-cny
01.09.2012,"6,2845","6,3481","6,3546","6,2837",,currencies,usd-cny
01.08.2012,"6,3485","6,3611","6,3775","6,3438",,currencies,usd-cny
01.07.2012,"6,3620","6,3544","6,3974","6,3462",,currencies,usd-cny
01.06.2012,"6,3537","6,3692","6,3792","6,3525",,currencies,usd-cny
01.05.2012,"6,3688","6,3094","6,3783","6,2949",,currencies,usd-cny
01.04.2012,"6,3099","6,2980","6,3270","6,2932",,currencies,usd-cny
01.03.2012,"6,2980","6,2940","6,3471","6,2845",,currencies,usd-cny
01.02.2012,"6,2938","6,3079","6,3140","6,2880",,currencies,usd-cny
01.01.2012,"6,3090","6,2945","6,3393","6,2923",,currencies,usd-cny
01.12.2011,"6,2939","6,3789","6,3789","6,2939",,currencies,usd-cny
01.11.2011,"6,3788","6,3543","6,3872","6,3331",,currencies,usd-cny
01.10.2011,"6,3552","6,3750","6,3915","6,3368",,currencies,usd-cny
01.09.2011,"6,3822","6,3812","6,4043","6,3788",,currencies,usd-cny
01.08.2011,"6,3790","6,4370","6,4461","6,3775",,currencies,usd-cny
01.07.2011,"6,4370","6,4640","6,4760","6,4370",,currencies,usd-cny
01.06.2011,"6,4642","6,4783","6,4878","6,4618",,currencies,usd-cny
01.05.2011,"6,4795","6,4900","6,5100","6,4785",,currencies,usd-cny
01.04.2011,"6,4910","6,5485","6,5510","6,4755",,currencies,usd-cny
01.03.2011,"6,5486","6,5653","6,5773","6,5443",,currencies,usd-cny
01.02.2011,"6,5716","6,5998","6,5998","6,5493",,currencies,usd-cny
01.01.2011,"6,6050","6,5928","6,6400","6,5772",,currencies,usd-cny
01.12.2010,"6,5906","6,6675","6,6806","6,5891",,currencies,usd-cny
01.11.2010,"6,6670","6,6696","6,6963","6,6178",,currencies,usd-cny
01.10.2010,"6,6707","6,6895","6,6925","6,6398",,currencies,usd-cny
01.09.2010,"6,6917","6,8083","6,8187","6,6827",,currencies,usd-cny
01.08.2010,"6,8075","6,7742","6,8120","6,7635",,currencies,usd-cny
01.07.2010,"6,7740","6,7810","6,7840","6,7677",,currencies,usd-cny
01.06.2010,"6,7817","6,8272","6,8331","6,7797",,currencies,usd-cny
01.05.2010,"6,8278","6,8245","6,8323","6,8236",,currencies,usd-cny
01.04.2010,"6,8252","6,8257","6,8305","6,8230",,currencies,usd-cny
01.03.2010,"6,8259","6,8254","6,8305","6,8248",,currencies,usd-cny
01.02.2010,"6,8261","6,8263","6,8348","6,8223",,currencies,usd-cny
01.01.2010,"6,8269","6,8285","6,8296","6,8233",,currencies,usd-cny
01.12.2009,"6,8270","6,8282","6,8335","6,8245",,currencies,usd-cny
01.11.2009,"6,8275","6,8279","6,8334","6,8256",,currencies,usd-cny
01.10.2009,"6,8275","6,8271","6,8359","6,8236",,currencies,usd-cny
01.09.2009,"6,8265","6,8308","6,8332","6,8249",,currencies,usd-cny
01.08.2009,"6,8304","6,8310","6,8370","6,8296",,currencies,usd-cny
01.07.2009,"6,8321","6,8309","6,8351","6,8294",,currencies,usd-cny
01.06.2009,"6,8305","6,8253","6,8404","6,8248",,currencies,usd-cny
01.05.2009,"6,8283","6,8230","6,8375","6,8108",,currencies,usd-cny
01.04.2009,"6,8185","6,8320","6,8414","6,8176",,currencies,usd-cny
01.03.2009,"6,8334","6,8385","6,8468","6,8212",,currencies,usd-cny
01.02.2009,"6,8396","6,8431","6,8521","6,8242",,currencies,usd-cny
01.01.2009,"6,8350","6,8310","6,8565","6,8220",,currencies,usd-cny
01.12.2008,"6,8230","6,8325","6,8900","6,8170",,currencies,usd-cny
01.11.2008,"6,8259","6,8340","6,8412","6,8180",,currencies,usd-cny
01.10.2008,"6,8395","6,8434","6,8591","6,8105",,currencies,usd-cny
01.09.2008,"6,8451","6,8375","6,8543","6,8105",,currencies,usd-cny
01.08.2008,"6,8487","6,8313","6,8813","6,8255",,currencies,usd-cny
01.07.2008,"6,8315","6,8530","6,8695","6,8105",,currencies,usd-cny
01.06.2008,"6,8544","6,9401","6,9486","6,8541",,currencies,usd-cny
01.05.2008,"6,9425","6,9995","7,0075","6,9360",,currencies,usd-cny
01.04.2008,"6,9885","7,0131","7,0240","6,9815",,currencies,usd-cny
01.03.2008,"7,0124","7,1019","7,1139","7,0100",,currencies,usd-cny
01.02.2008,"7,1119","7,1814","7,2089","7,1029",,currencies,usd-cny
01.01.2008,"7,1822","7,2964","7,3029","7,1804",,currencies,usd-cny
01.12.2007,"7,3041","7,4091","7,4135","7,3032",,currencies,usd-cny
01.11.2007,"7,3980","7,4615","7,4624","7,3810",,currencies,usd-cny
01.10.2007,"7,4715","7,5060","7,5283","7,4610",,currencies,usd-cny
01.09.2007,"7,5060","7,5500","7,5556","7,5017",,currencies,usd-cny
01.08.2007,"7,5450","7,5660","7,6090","7,5415",,currencies,usd-cny
01.07.2007,"7,5725","7,6090","7,6128","7,5535",,currencies,usd-cny
01.06.2007,"7,6135","7,6481","7,6798","7,6135",,currencies,usd-cny
01.05.2007,"7,6475","7,7040","7,7040","7,6455",,currencies,usd-cny
01.04.2007,"7,7055","7,7296","7,7350","7,7035",,currencies,usd-cny
01.03.2007,"7,7308","7,7470","7,7525","7,7255",,currencies,usd-cny
01.02.2007,"7,7380","7,7605","7,7652","7,7370",,currencies,usd-cny
01.01.2007,"7,7748","7,8140","7,8165","7,7685",,currencies,usd-cny
01.12.2006,"7,8075","7,8332","7,8348","7,8072",,currencies,usd-cny
01.11.2006,"7,8333","7,8730","7,8823","7,8309",,currencies,usd-cny
01.10.2006,"7,8790","7,9103","7,9203","7,8775",,currencies,usd-cny
01.09.2006,"7,9073","7,9592","7,9610","7,8948",,currencies,usd-cny
01.08.2006,"7,9549","7,9736","8,0016","7,9549",,currencies,usd-cny
01.07.2006,"7,9700","7,9920","8,0050","7,9653",,currencies,usd-cny
01.06.2006,"7,9925","8,0214","8,0266","7,9925",,currencies,usd-cny
01.05.2006,"8,0240","8,0139","8,0325","7,9980",,currencies,usd-cny
01.04.2006,"8,0139","8,0225","8,0259","8,0025",,currencies,usd-cny
01.03.2006,"8,0175","8,0394","8,0522","8,0168",,currencies,usd-cny
01.02.2006,"8,0404","8,0569","8,0643","8,0404",,currencies,usd-cny
01.01.2006,"8,0622","8,0664","8,0695","8,0584",,currencies,usd-cny
01.12.2005,"8,0702","8,0784","8,0810","8,0690",,currencies,usd-cny
01.11.2005,"8,0780","8,0707","8,0877","8,0688",,currencies,usd-cny
01.10.2005,"8,0832","8,0868","8,0970","8,0818",,currencies,usd-cny
01.09.2005,"8,0922","8,0927","8,0948","8,0862",,currencies,usd-cny
01.08.2005,"8,0998","8,0998","8,0998","8,0998",,currencies,usd-cny
01.07.2005,"8,1056","8,1056","8,1056","8,1056",,currencies,usd-cny
01.06.2005,"8,2765","8,2765","8,2765","8,2765",,currencies,usd-cny
01.05.2005,"8,2765","8,2765","8,2765","8,2765",,currencies,usd-cny
01.04.2005,"8,2765","8,2765","8,2765","8,2765",,currencies,usd-cny
01.03.2005,"8,2765","8,2765","8,2765","8,2765",,currencies,usd-cny
01.02.2005,"8,2765","8,2765","8,2765","8,2765",,currencies,usd-cny
01.01.2005,"8,2765","8,2765","8,2765","8,2765",,currencies,usd-cny
01.12.2004,"8,2765","8,2765","8,2765","8,2765",,currencies,usd-cny
01.11.2004,"8,2765","8,2765","8,2765","8,2765",,currencies,usd-cny
01.10.2004,"8,2765","8,2765","8,2765","8,2765",,currencies,usd-cny
01.09.2004,"8,2766","8,2766","8,2766","8,2766",,currencies,usd-cny
01.08.2004,"8,2766","8,2766","8,2766","8,2766",,currencies,usd-cny
01.07.2004,"8,2769","8,2769","8,2769","8,2769",,currencies,usd-cny
01.06.2004,"8,2766","8,2766","8,2766","8,2766",,currencies,usd-cny
01.05.2004,"8,2768","8,2768","8,2768","8,2768",,currencies,usd-cny
01.04.2004,"8,2771","8,2771","8,2771","8,2771",,currencies,usd-cny
01.03.2004,"8,2771","8,2771","8,2771","8,2771",,currencies,usd-cny
01.02.2004,"8,2769","8,2769","8,2769","8,2769",,currencies,usd-cny
01.01.2004,"8,2768","8,2768","8,2768","8,2768",,currencies,usd-cny
01.12.2003,"8,2767","8,2767","8,2767","8,2767",,currencies,usd-cny
01.11.2003,"8,2770","8,2770","8,2770","8,2770",,currencies,usd-cny
01.10.2003,"8,2768","8,2768","8,2768","8,2768",,currencies,usd-cny
01.09.2003,"8,2770","8,2770","8,2770","8,2770",,currencies,usd-cny
01.08.2003,"8,2772","8,2772","8,2772","8,2772",,currencies,usd-cny
01.07.2003,"8,2774","8,2774","8,2774","8,2774",,currencies,usd-cny
01.06.2003,"8,2775","8,2775","8,2775","8,2775",,currencies,usd-cny
01.05.2003,"8,2770","8,2770","8,2770","8,2770",,currencies,usd-cny
01.04.2003,"8,2772","8,2772","8,2772","8,2772",,currencies,usd-cny
01.03.2003,"8,2774","8,2774","8,2774","8,2774",,currencies,usd-cny
01.02.2003,"8,2775","8,2775","8,2775","8,2775",,currencies,usd-cny
01.01.2003,"8,2784","8,2784","8,2784","8,2784",,currencies,usd-cny
01.12.2002,"8,2785","8,2785","8,2785","8,2785",,currencies,usd-cny
01.11.2002,"8,2773","8,2773","8,2773","8,2773",,currencies,usd-cny
01.10.2002,"8,2770","8,2770","8,2770","8,2770",,currencies,usd-cny
01.09.2002,"8,2773","8,2773","8,2773","8,2773",,currencies,usd-cny
01.08.2002,"8,2768","8,2768","8,2768","8,2768",,currencies,usd-cny
01.07.2002,"8,2767","8,2767","8,2767","8,2767",,currencies,usd-cny
01.06.2002,"8,2771","8,2771","8,2771","8,2771",,currencies,usd-cny
01.05.2002,"8,2765","8,2765","8,2765","8,2765",,currencies,usd-cny
01.04.2002,"8,2773","8,2773","8,2773","8,2773",,currencies,usd-cny
01.03.2002,"8,2774","8,2774","8,2774","8,2774",,currencies,usd-cny
01.02.2002,"8,2765","8,2765","8,2765","8,2765",,currencies,usd-cny
01.01.2002,"8,2765","8,2765","8,2765","8,2765",,currencies,usd-cny
01.12.2001,"8,2766","8,2766","8,2766","8,2766",,currencies,usd-cny
01.11.2001,"8,2772","8,2772","8,2772","8,2772",,currencies,usd-cny
01.10.2001,"8,2768","8,2768","8,2768","8,2768",,currencies,usd-cny
01.09.2001,"8,2768","8,2768","8,2768","8,2768",,currencies,usd-cny
01.08.2001,"8,2769","8,2769","8,2769","8,2769",,currencies,usd-cny
01.07.2001,"8,2770","8,2770","8,2770","8,2770",,currencies,usd-cny
01.06.2001,"8,2767","8,2767","8,2767","8,2767",,currencies,usd-cny
01.05.2001,"8,2770","8,2770","8,2770","8,2770",,currencies,usd-cny
01.04.2001,"8,2774","8,2774","8,2774","8,2774",,currencies,usd-cny
01.03.2001,"8,2777","8,2777","8,2777","8,2777",,currencies,usd-cny
01.02.2001,"8,2783","8,2783","8,2783","8,2783",,currencies,usd-cny
01.01.2001,"8,2781","8,2781","8,2781","8,2781",,currencies,usd-cny
01.12.2000,"8,2774","8,2774","8,2774","8,2774",,currencies,usd-cny
01.11.2000,"8,2777","8,2777","8,2777","8,2777",,currencies,usd-cny
01.10.2000,"8,2775","8,2775","8,2775","8,2775",,currencies,usd-cny
01.09.2000,"8,2798","8,2798","8,2798","8,2798",,currencies,usd-cny
01.08.2000,"8,2786","8,2786","8,2786","8,2786",,currencies,usd-cny
01.07.2000,"8,2792","8,2792","8,2792","8,2792",,currencies,usd-cny
01.06.2000,"8,2782","8,2782","8,2782","8,2782",,currencies,usd-cny
01.05.2000,"8,2773","8,2773","8,2773","8,2773",,currencies,usd-cny
01.04.2000,"8,2799","8,2799","8,2799","8,2799",,currencies,usd-cny
01.03.2000,"8,2787","8,2787","8,2787","8,2787",,currencies,usd-cny
01.02.2000,"8,2786","8,2786","8,2786","8,2786",,currencies,usd-cny
01.01.2000,"8,2777","8,2777","8,2777","8,2777",,currencies,usd-cny
01.12.1999,"8,2795","8,2795","8,2795","8,2795",,currencies,usd-cny
01.11.1999,"8,2789","8,2789","8,2789","8,2789",,currencies,usd-cny
01.10.1999,"8,2778","8,2778","8,2778","8,2778",,currencies,usd-cny
01.09.1999,"8,2778","8,2778","8,2778","8,2778",,currencies,usd-cny
01.08.1999,"8,2770","8,2770","8,2770","8,2770",,currencies,usd-cny
01.07.1999,"8,2774","8,2774","8,2774","8,2774",,currencies,usd-cny
01.06.1999,"8,2787","8,2787","8,2787","8,2787",,currencies,usd-cny
01.05.1999,"8,2784","8,2784","8,2784","8,2784",,currencies,usd-cny
01.04.1999,"8,2790","8,2790","8,2790","8,2790",,currencies,usd-cny
01.03.1999,"8,2800","8,2800","8,2800","8,2800",,currencies,usd-cny
01.02.1999,"8,2790","8,2790","8,2790","8,2790",,currencies,usd-cny
01.01.1999,"8,2778","8,2778","8,2778","8,2778",,currencies,usd-cny
01.12.1998,"8,2789","8,2789","8,2789","8,2789",,currencies,usd-cny
01.11.1998,"8,2782","8,2782","8,2782","8,2782",,currencies,usd-cny
01.10.1998,"8,2778","8,2778","8,2778","8,2778",,currencies,usd-cny
01.09.1998,"8,2780","8,2780","8,2780","8,2780",,currencies,usd-cny
01.08.1998,"8,2800","8,2800","8,2800","8,2800",,currencies,usd-cny
01.07.1998,"8,2799","8,2799","8,2799","8,2799",,currencies,usd-cny
01.06.1998,"8,2797","8,2797","8,2797","8,2797",,currencies,usd-cny
01.05.1998,"8,2793","8,2793","8,2793","8,2793",,currencies,usd-cny
01.04.1998,"8,2779","8,2779","8,2779","8,2779",,currencies,usd-cny
01.03.1998,"8,2793","8,2793","8,2793","8,2793",,currencies,usd-cny
01.02.1998,"8,2789","8,2789","8,2789","8,2789",,currencies,usd-cny
01.01.1998,"8,2785","8,2785","8,2785","8,2785",,currencies,usd-cny
01.12.1997,"8,2796","8,2796","8,2796","8,2796",,currencies,usd-cny
01.11.1997,"8,2796","8,2796","8,2796","8,2796",,currencies,usd-cny
01.10.1997,"8,2834","8,2834","8,2834","8,2834",,currencies,usd-cny
01.09.1997,"8,2849","8,2849","8,2849","8,2849",,currencies,usd-cny
01.08.1997,"8,2884","8,2884","8,2884","8,2884",,currencies,usd-cny
01.07.1997,"8,2903","8,2903","8,2903","8,2903",,currencies,usd-cny
01.06.1997,"8,2907","8,2907","8,2907","8,2907",,currencies,usd-cny
01.05.1997,"8,2921","8,2921","8,2921","8,2921",,currencies,usd-cny
01.04.1997,"8,2945","8,2945","8,2945","8,2945",,currencies,usd-cny
01.03.1997,"8,2955","8,2955","8,2955","8,2955",,currencies,usd-cny
01.02.1997,"8,2954","8,2954","8,2954","8,2954",,currencies,usd-cny
01.01.1997,"8,2934","8,2934","8,2934","8,2934",,currencies,usd-cny
01.12.1996,"8,2984","8,2984","8,2984","8,2984",,currencies,usd-cny
01.11.1996,"8,3012","8,3012","8,3012","8,3012",,currencies,usd-cny
01.10.1996,"8,3000","8,3000","8,3000","8,3000",,currencies,usd-cny
01.09.1996,"8,3017","8,3017","8,3017","8,3017",,currencies,usd-cny
01.08.1996,"8,3063","8,3063","8,3063","8,3063",,currencies,usd-cny
01.07.1996,"8,3107","8,3107","8,3107","8,3107",,currencies,usd-cny
01.06.1996,"8,3221","8,3221","8,3221","8,3221",,currencies,usd-cny
01.05.1996,"8,3255","8,3255","8,3255","8,3255",,currencies,usd-cny
01.04.1996,"8,3301","8,3301","8,3301","8,3301",,currencies,usd-cny
01.03.1996,"8,3338","8,3338","8,3338","8,3338",,currencies,usd-cny
01.02.1996,"8,3211","8,3211","8,3211","8,3211",,currencies,usd-cny
01.01.1996,"8,3138","8,3138","8,3138","8,3138",,currencies,usd-cny
01.12.1995,"8,3174","8,3174","8,3174","8,3174",,currencies,usd-cny
01.11.1995,"8,3116","8,3116","8,3116","8,3116",,currencies,usd-cny
01.10.1995,"8,3149","8,3149","8,3149","8,3149",,currencies,usd-cny
01.09.1995,"8,3185","8,3185","8,3185","8,3185",,currencies,usd-cny
01.08.1995,"8,3198","8,3198","8,3198","8,3198",,currencies,usd-cny
01.07.1995,"8,3003","8,3003","8,3003","8,3003",,currencies,usd-cny
01.06.1995,"8,3011","8,3011","8,3011","8,3011",,currencies,usd-cny
01.05.1995,"8,3055","8,3055","8,3055","8,3055",,currencies,usd-cny
01.04.1995,"8,4074","8,4074","8,4074","8,4074",,currencies,usd-cny
01.03.1995,"8,4264","8,4264","8,4264","8,4264",,currencies,usd-cny
01.02.1995,"8,4311","8,4311","8,4311","8,4311",,currencies,usd-cny
01.01.1995,"8,4384","8,4384","8,4384","8,4384",,currencies,usd-cny
01.12.1994,"8,4462","8,4462","8,4462","8,4462",,currencies,usd-cny
01.11.1994,"8,5090","8,5090","8,5090","8,5090",,currencies,usd-cny
01.10.1994,"8,5260","8,5260","8,5260","8,5260",,currencies,usd-cny
01.09.1994,"8,5300","8,5300","8,5300","8,5300",,currencies,usd-cny
01.08.1994,"8,5591","8,5591","8,5591","8,5591",,currencies,usd-cny
01.07.1994,"8,6197","8,6197","8,6197","8,6197",,currencies,usd-cny
01.06.1994,"8,6517","8,6517","8,6517","8,6517",,currencies,usd-cny
01.05.1994,"8,6596","8,6596","8,6596","8,6596",,currencies,usd-cny
01.04.1994,"8,7072","8,7072","8,7072","8,7072",,currencies,usd-cny
01.03.1994,"8,7080","8,7080","8,7080","8,7080",,currencies,usd-cny
01.02.1994,"8,7055","8,7055","8,7055","8,7055",,currencies,usd-cny
01.01.1994,"8,7000","8,7000","8,7000","8,7000",,currencies,usd-cny
01.12.1993,"5,8000","5,8000","5,8000","5,8000",,currencies,usd-cny
01.11.1993,"5,8122","5,8122","5,8122","5,8122",,currencies,usd-cny
01.10.1993,"5,7941","5,7941","5,7941","5,7941",,currencies,usd-cny
01.09.1993,"5,7868","5,7868","5,7868","5,7868",,currencies,usd-cny
01.08.1993,"5,7883","5,7883","5,7883","5,7883",,currencies,usd-cny
01.07.1993,"5,7612","5,7612","5,7612","5,7612",,currencies,usd-cny
01.06.1993,"5,7612","5,7612","5,7612","5,7612",,currencies,usd-cny
01.05.1993,"5,7290","5,7290","5,7290","5,7290",,currencies,usd-cny
01.04.1993,"5,7084","5,7084","5,7084","5,7084",,currencies,usd-cny
01.03.1993,"5,7190","5,7190","5,7190","5,7190",,currencies,usd-cny
01.02.1993,"5,7402","5,7402","5,7402","5,7402",,currencies,usd-cny
01.01.1993,"5,7750","5,7750","5,7750","5,7750",,currencies,usd-cny
01.12.1992,"5,7518","5,7518","5,7518","5,7518",,currencies,usd-cny
01.11.1992,"5,7198","5,7198","5,7198","5,7198",,currencies,usd-cny
01.10.1992,"5,5525","5,5525","5,5525","5,5525",,currencies,usd-cny
01.09.1992,"5,5002","5,5002","5,5002","5,5002",,currencies,usd-cny
01.08.1992,"5,4064","5,4064","5,4064","5,4064",,currencies,usd-cny
01.07.1992,"5,4200","5,4200","5,4200","5,4200",,currencies,usd-cny
01.06.1992,"5,4621","5,4621","5,4621","5,4621",,currencies,usd-cny
01.05.1992,"5,4911","5,4911","5,4911","5,4911",,currencies,usd-cny
01.04.1992,"5,5101","5,5101","5,5101","5,5101",,currencies,usd-cny
01.03.1992,"5,4675","5,4675","5,4675","5,4675",,currencies,usd-cny
01.02.1992,"5,4693","5,4693","5,4693","5,4693",,currencies,usd-cny
01.01.1992,"5,4686","5,4686","5,4686","5,4686",,currencies,usd-cny
01.12.1991,"5,4478","5,4478","5,4478","5,4478",,currencies,usd-cny
01.11.1991,"5,4115","5,4115","5,4115","5,4115",,currencies,usd-cny
01.10.1991,"5,3944","5,3944","5,3944","5,3944",,currencies,usd-cny
01.09.1991,"5,3899","5,3899","5,3899","5,3899",,currencies,usd-cny
01.08.1991,"5,3862","5,3862","5,3862","5,3862",,currencies,usd-cny
01.07.1991,"5,3605","5,3605","5,3605","5,3605",,currencies,usd-cny
01.06.1991,"5,3690","5,3690","5,3690","5,3690",,currencies,usd-cny
01.05.1991,"5,3490","5,3490","5,3490","5,3490",,currencies,usd-cny
01.04.1991,"5,3036","5,3036","5,3036","5,3036",,currencies,usd-cny
01.03.1991,"5,2352","5,2352","5,2352","5,2352",,currencies,usd-cny
01.02.1991,"5,2352","5,2352","5,2352","5,2352",,currencies,usd-cny
